Date,Open,High,Low,Close,Adj Close,Volume
16-May-25,13.7,13.97,13.56,13.92,13.92,56414100
15-May-25,13.91,13.95,13.33,13.57,13.57,66129800
14-May-25,14.44,14.78,13.94,14.03,14.03,77903700
13-May-25,14.24,14.46,14.05,14.29,14.29,70382900
12-May-25,14.04,14.2,13.68,14.04,14.04,74278200
09-May-25,13.3,13.47,12.87,13.18,13.18,53262000
08-May-25,13.32,13.47,13.1,13.26,13.26,52579800
07-May-25,12.7,13.28,12.56,13.01,13.01,51029800
06-May-25,12.57,12.83,12.44,12.73,12.73,40465200
05-May-25,12.48,13.05,12.43,12.86,12.86,51937900
02-May-25,12.69,12.93,12.58,12.7,12.7,50789300
01-May-25,12.84,12.92,12.46,12.51,12.51,70285300
30-Apr-25,12.78,12.82,12.05,12.51,12.51,86413300
29-Apr-25,14.13,14.51,13.23,13.27,13.27,171099300
28-Apr-25,13.24,13.38,12.77,13.2,13.2,95228400
25-Apr-25,12.5,13.05,12.4,12.88,12.88,70647900
24-Apr-25,11.8,12.36,11.76,12.31,12.31,61837700
23-Apr-25,12.02,12.35,11.64,11.74,11.74,56643400
22-Apr-25,10.87,11.43,10.81,11.27,11.27,52908900
21-Apr-25,10.93,11.15,10.49,10.69,10.69,54164900
17-Apr-25,10.68,11.05,10.59,10.98,10.98,46861000
16-Apr-25,10.72,10.9,10.41,10.66,10.66,39224300
15-Apr-25,10.82,11.05,10.72,10.94,10.94,38606000
14-Apr-25,11.12,11.2,10.51,10.82,10.82,47271800
11-Apr-25,10.48,10.73,10.07,10.71,10.71,42788100
10-Apr-25,10.94,11.01,10.16,10.52,10.52,55996900
09-Apr-25,9.4,11.65,9.31,11.39,11.39,94205900
08-Apr-25,10.49,10.58,9.24,9.5,9.5,67136200
07-Apr-25,8.74,10.65,8.6,9.86,9.86,92561300
04-Apr-25,9.98,10.22,8.88,9.57,9.57,89686000
03-Apr-25,11.14,11.42,10.56,10.64,10.64,73382300
02-Apr-25,11.55,12.5,11.55,12.31,12.31,55622200
01-Apr-25,11.59,12.16,11.48,11.91,11.91,48664100
31-Mar-25,11.31,11.74,10.98,11.63,11.63,62839200
28-Mar-25,12.02,12.24,11.69,11.85,11.85,51302400
27-Mar-25,12.61,12.7,12.03,12.2,12.2,58870900
26-Mar-25,13.53,13.55,12.93,13.07,13.07,48480600
25-Mar-25,13.73,13.9,13.44,13.54,13.54,35685500
24-Mar-25,13.3,13.76,13.14,13.72,13.72,58817600
21-Mar-25,12.41,12.91,12.37,12.87,12.87,40043900
20-Mar-25,12.64,12.94,12.49,12.64,12.64,40485900
19-Mar-25,12,12.91,11.96,12.73,12.73,46771900
18-Mar-25,12.1,12.14,11.79,11.95,11.95,36336100
17-Mar-25,12.08,12.47,11.96,12.32,12.32,45612600
14-Mar-25,11.69,12.12,11.61,12.09,12.09,37484500
13-Mar-25,12,12.09,11.31,11.39,11.39,38157700
12-Mar-25,11.86,12.12,11.44,11.92,11.92,54143700
11-Mar-25,11.06,11.5,10.85,11.26,11.26,54907900
10-Mar-25,12.07,12.17,10.93,11.18,11.18,71705200
07-Mar-25,12.32,12.64,11.82,12.59,12.59,52630300
06-Mar-25,13,13.25,12.41,12.45,12.45,49835800
05-Mar-25,13.12,13.49,12.84,13.43,13.43,41038000
04-Mar-25,13,13.57,12.23,13.09,13.09,77982800
03-Mar-25,14.65,14.9,13.44,13.57,13.57,58992200
28-Feb-25,13.8,14.54,13.73,14.47,14.47,38926400
27-Feb-25,14.73,14.74,14,14.07,14.07,41470300
26-Feb-25,14.18,14.73,14.14,14.47,14.47,51329600
25-Feb-25,14.11,14.27,13.42,13.92,13.92,63198000
24-Feb-25,14.8,14.82,13.81,14.36,14.36,52266100
21-Feb-25,15.56,15.56,14.58,14.67,14.67,54725300
20-Feb-25,16.01,16.08,15.06,15.56,15.56,51063600
19-Feb-25,16.76,16.81,16.1,16.18,16.18,35555700
18-Feb-25,16.47,17.11,16.43,16.83,16.83,53815000
14-Feb-25,15.41,16.42,15.24,16.21,16.21,63312400
13-Feb-25,14.96,15.35,14.77,15.19,15.19,36477800
12-Feb-25,14.58,14.85,14.42,14.77,14.77,33663600
11-Feb-25,14.99,15.25,14.79,14.83,14.83,30455200
10-Feb-25,15.03,15.4,15,15.13,15.13,30509900
07-Feb-25,14.9,15.28,14.83,14.91,14.91,32161400
06-Feb-25,15.53,15.55,14.68,14.8,14.8,46886900
05-Feb-25,15.24,15.56,15.22,15.49,15.49,27706300
04-Feb-25,15.49,15.62,15.2,15.29,15.29,29013200
03-Feb-25,14.98,15.77,14.89,15.4,15.4,42781900
31-Jan-25,16.44,16.57,15.59,15.78,15.78,48036600
30-Jan-25,16.25,16.67,16.11,16.44,16.44,35552200
29-Jan-25,16.1,16.34,15.76,15.99,15.99,41382700
28-Jan-25,16.12,16.25,15.22,16.17,16.17,51829100
27-Jan-25,15.93,16.98,15.55,16.08,16.08,107334200
24-Jan-25,18.15,18.42,17.86,17.92,17.92,55232000
23-Jan-25,17.4,18.21,17.28,18.03,18.03,43826700
22-Jan-25,18.06,18.06,17.26,17.59,17.59,51349800
21-Jan-25,17,18.1,16.89,17.9,17.9,67982600
17-Jan-25,16.42,16.73,16.18,16.5,16.5,40496500
16-Jan-25,15.7,16.38,15.57,16.3,16.3,43586900
15-Jan-25,15.36,15.55,14.99,15.51,15.51,38873100
14-Jan-25,14.3,14.86,14.23,14.5,14.5,34100800
13-Jan-25,13.64,14.09,13.6,14.07,14.07,32197100
10-Jan-25,14.2,14.28,13.81,14.15,14.15,33470100
08-Jan-25,14.64,14.84,14.32,14.55,14.55,28712100
07-Jan-25,15.31,15.62,14.71,14.91,14.91,38956300
06-Jan-25,15.2,15.48,14.89,15.29,15.29,32859000
03-Jan-25,14.3,14.85,14.12,14.84,14.84,40925300
02-Jan-25,15,15.11,13.75,14.13,14.13,76412600
31-Dec-24,15.79,15.9,15.35,15.4,15.4,29262500
30-Dec-24,15.57,15.88,15.42,15.63,15.63,31036000
27-Dec-24,16.39,16.47,15.78,15.98,15.98,31003000
26-Dec-24,15.98,16.68,15.88,16.6,16.6,36815400
24-Dec-24,15.73,16.03,15.57,16.02,16.02,15731500
23-Dec-24,15.5,15.79,15.16,15.63,15.63,34576400
20-Dec-24,14.72,15.53,14.58,15.35,15.35,52746600
19-Dec-24,15.72,15.99,14.92,15.03,15.03,44149600
18-Dec-24,16.89,17.19,14.93,15.24,15.24,76625700
17-Dec-24,17.15,17.17,16.17,16.66,16.66,53985200
16-Dec-24,16.53,17.04,16.2,16.88,16.88,55457600
13-Dec-24,16.04,16.36,15.79,16.25,16.25,41622300
12-Dec-24,15.92,16.48,15.73,15.9,15.9,48071000
11-Dec-24,15.5,16,15.16,15.94,15.94,47600800
10-Dec-24,15.49,16.12,15.14,15.29,15.29,49585500
09-Dec-24,15.68,15.96,15.23,15.57,15.57,59642800
06-Dec-24,15.77,16.05,14.85,16.02,16.02,57220500
05-Dec-24,16.01,16.2,15.62,15.65,15.65,50857000
04-Dec-24,16.13,16.43,15.89,16.32,16.32,40638300
03-Dec-24,15.89,16.15,15.62,15.88,15.88,43795800
02-Dec-24,16.49,16.61,15.74,15.91,15.91,52367900
29-Nov-24,16.36,16.61,16.17,16.41,16.41,31524900
27-Nov-24,15.67,16.16,15.57,16.12,16.12,48218600
26-Nov-24,15.5,15.84,15.24,15.49,15.49,38184400
25-Nov-24,16.09,16.09,15.52,15.7,15.7,49778700
22-Nov-24,15.27,15.75,15.08,15.6,15.6,50055400
21-Nov-24,14.86,15.55,14.67,15.01,15.01,60802800
20-Nov-24,14.65,14.89,14.29,14.67,14.67,45618800
19-Nov-24,13.76,14.43,13.67,14.42,14.42,38330700
18-Nov-24,13.8,14.3,13.7,13.93,13.93,47656500
15-Nov-24,13.22,13.69,13.08,13.63,13.63,48186500
14-Nov-24,13.61,13.73,13.01,13.4,13.4,46251400
13-Nov-24,13.95,14.28,13.39,13.5,13.5,55166000
12-Nov-24,13.49,14.01,13.37,13.82,13.82,61125000
11-Nov-24,13.61,14.44,13.57,14.11,14.11,106393400
08-Nov-24,12,13.01,11.94,13.01,13.01,83464200
07-Nov-24,11.91,12.14,11.85,11.9,11.9,55627600
06-Nov-24,12.07,12.19,11.63,11.81,11.81,63197700
05-Nov-24,10.96,11.55,10.95,11.42,11.42,53857800
04-Nov-24,10.88,11.13,10.63,10.91,10.91,41321700
01-Nov-24,11.21,11.22,10.81,11.04,11.04,41742300
31-Oct-24,11.16,11.32,10.88,11.17,11.17,59129200
30-Oct-24,10.47,11.5,10.46,11.22,11.22,95149900
29-Oct-24,10.75,10.8,9.77,10.47,10.47,164917900
28-Oct-24,11.21,11.31,11.02,11.19,11.19,69753400
25-Oct-24,11.21,11.34,10.89,10.99,10.99,58331300
24-Oct-24,10.91,11.3,10.78,10.93,10.93,72141300
23-Oct-24,10.55,10.65,10.18,10.42,10.42,38130400
22-Oct-24,10.32,10.62,10.32,10.58,10.58,36501700
21-Oct-24,10.26,10.54,10.19,10.4,10.4,50814300
18-Oct-24,9.91,10.18,9.88,10.18,10.18,31400300
17-Oct-24,10.01,10.03,9.62,9.87,9.87,50293900
16-Oct-24,10.23,10.32,9.91,10.04,10.04,48045000
15-Oct-24,10.16,10.49,10.03,10.18,10.18,87195400
14-Oct-24,9.62,10.07,9.38,10.04,10.04,116449900
11-Oct-24,8.65,9.07,8.63,9.01,9.01,42833300
10-Oct-24,8.51,8.76,8.46,8.63,8.63,46015000
09-Oct-24,8.41,8.66,8.3,8.59,8.59,32950100
08-Oct-24,8.32,8.6,8.26,8.41,8.41,40451800
07-Oct-24,8.36,8.52,8.16,8.27,8.27,40480600
04-Oct-24,8.03,8.4,7.9,8.39,8.39,58014300
03-Oct-24,7.75,7.86,7.65,7.83,7.83,28729000
02-Oct-24,7.6,7.83,7.57,7.79,7.79,27871200
01-Oct-24,7.88,7.9,7.61,7.63,7.63,34573700
30-Sep-24,7.9,8.07,7.81,7.86,7.86,28296700
27-Sep-24,7.82,8.1,7.82,7.95,7.95,33376700
26-Sep-24,7.83,7.87,7.68,7.76,7.76,27429400
25-Sep-24,7.85,7.88,7.71,7.73,7.73,26123100
24-Sep-24,7.96,7.97,7.58,7.83,7.83,47198600
23-Sep-24,8.12,8.13,7.91,7.92,7.92,31400000
20-Sep-24,8.14,8.22,8.01,8.05,8.05,36453900
19-Sep-24,8.44,8.46,8.13,8.19,8.19,58745600
18-Sep-24,8.1,8.53,8.04,8.11,8.11,63736800
17-Sep-24,8.2,8.28,8.06,8.12,8.12,49071800
16-Sep-24,7.74,8.08,7.63,8.06,8.06,44920400
13-Sep-24,7.52,7.74,7.52,7.74,7.74,45043900
12-Sep-24,7.29,7.51,7.24,7.46,7.46,39131900
11-Sep-24,7.02,7.35,6.95,7.31,7.31,42877800
10-Sep-24,7.16,7.17,6.75,7.05,7.05,57932200
09-Sep-24,7.04,7.21,7.01,7.08,7.08,33004200
06-Sep-24,7.29,7.4,6.92,7.01,7.01,46372000
05-Sep-24,7.55,7.64,7.24,7.26,7.26,37429500
04-Sep-24,7.41,7.76,7.41,7.48,7.48,34795200
03-Sep-24,7.89,7.92,7.48,7.53,7.53,43359200
30-Aug-24,8.11,8.23,7.81,7.99,7.99,40858700
29-Aug-24,7.65,8.3,7.64,8.03,8.03,84954500
28-Aug-24,7.7,7.73,7.4,7.49,7.49,33583100
27-Aug-24,7.58,7.89,7.54,7.77,7.77,27703700
26-Aug-24,7.61,7.79,7.55,7.67,7.67,31511400
23-Aug-24,7.21,7.56,7.18,7.52,7.52,52448400
22-Aug-24,7.32,7.34,7.18,7.19,7.19,29843200
21-Aug-24,7.4,7.43,7.13,7.3,7.3,38849700
20-Aug-24,7.39,7.51,7.28,7.37,7.37,42987600
19-Aug-24,7.11,7.5,7.09,7.46,7.46,51562200
16-Aug-24,6.9,7.08,6.89,7,7,24474900
15-Aug-24,6.74,6.96,6.69,6.91,6.91,36188900
14-Aug-24,6.75,6.78,6.56,6.61,6.61,22578400
13-Aug-24,6.5,6.65,6.49,6.64,6.64,26015000
12-Aug-24,6.62,6.67,6.47,6.48,6.48,26316800
09-Aug-24,6.62,6.73,6.55,6.64,6.64,19048600
08-Aug-24,6.46,6.71,6.41,6.64,6.64,27594800
07-Aug-24,6.6,6.75,6.31,6.32,6.32,32106700
06-Aug-24,6.62,6.62,6.39,6.43,6.43,41670300
05-Aug-24,6.03,6.79,6.01,6.54,6.54,65657400
02-Aug-24,6.9,6.95,6.59,6.65,6.65,63300900
01-Aug-24,7.57,7.66,7.07,7.16,7.16,50282600
31-Jul-24,7.48,7.83,7.26,7.54,7.54,66168200
30-Jul-24,7.58,7.95,7.1,7.42,7.42,90519300
29-Jul-24,7.46,7.52,7.23,7.33,7.33,65272600
26-Jul-24,7.48,7.5,7.29,7.41,7.41,29482400
25-Jul-24,7,7.41,7,7.27,7.27,35574200
24-Jul-24,7.33,7.5,7.09,7.1,7.1,34636100
23-Jul-24,7.5,7.66,7.42,7.43,7.43,23486300
22-Jul-24,7.59,7.64,7.33,7.54,7.54,38964600
19-Jul-24,7.5,7.61,7.31,7.47,7.47,33123300
18-Jul-24,7.87,8.06,7.49,7.53,7.53,56454300
17-Jul-24,7.57,7.91,7.57,7.84,7.84,65800500
16-Jul-24,7.44,7.82,7.34,7.75,7.75,63079500
15-Jul-24,7.06,7.43,7.01,7.33,7.33,57035700
12-Jul-24,6.89,7,6.81,6.97,6.97,37128300
11-Jul-24,6.8,6.93,6.68,6.77,6.77,46656300
10-Jul-24,6.42,6.62,6.32,6.57,6.57,37482300
09-Jul-24,6.35,6.38,6.15,6.38,6.38,40392200
08-Jul-24,6.49,6.53,6.35,6.35,6.35,22763700
05-Jul-24,6.48,6.51,6.38,6.47,6.47,15639700
03-Jul-24,6.48,6.55,6.41,6.52,6.52,15364300
02-Jul-24,6.43,6.48,6.29,6.45,6.45,26977400
01-Jul-24,6.6,6.67,6.41,6.43,6.43,30828100
28-Jun-24,6.6,6.65,6.53,6.61,6.61,30002000
27-Jun-24,6.41,6.54,6.36,6.54,6.54,18808000
26-Jun-24,6.4,6.48,6.36,6.46,6.46,18400200
25-Jun-24,6.54,6.54,6.41,6.45,6.45,19627200
24-Jun-24,6.32,6.57,6.3,6.54,6.54,32286900
21-Jun-24,6.3,6.35,6.2,6.32,6.32,34537200
20-Jun-24,6.42,6.45,6.26,6.32,6.32,31396900
18-Jun-24,6.46,6.6,6.39,6.42,6.42,28420200
17-Jun-24,6.46,6.49,6.3,6.46,6.46,45193300
14-Jun-24,6.71,6.76,6.43,6.46,6.46,75531400
13-Jun-24,7.1,7.13,6.77,6.8,6.8,51888300
12-Jun-24,7.17,7.43,7.05,7.07,7.07,57027300
11-Jun-24,7,7.04,6.9,7,7,20066600
10-Jun-24,6.9,7.07,6.88,7.03,7.03,20848000
07-Jun-24,6.92,7.05,6.86,6.99,6.99,26082300
06-Jun-24,6.9,7.09,6.84,7.08,7.08,26131000
05-Jun-24,6.77,6.94,6.72,6.91,6.91,32061500
04-Jun-24,6.75,6.86,6.71,6.72,6.72,27546400
03-Jun-24,6.97,6.99,6.75,6.77,6.77,31596700
31-May-24,6.95,6.99,6.76,6.9,6.9,28216900
30-May-24,6.84,6.93,6.81,6.91,6.91,21911400
29-May-24,6.78,6.85,6.68,6.85,6.85,26240400
28-May-24,6.99,7.05,6.87,6.89,6.89,31435900
24-May-24,6.87,7,6.87,6.92,6.92,21484400
23-May-24,7.04,7.07,6.77,6.83,6.83,53003900
22-May-24,7.06,7.14,6.97,7.02,7.02,28018400
21-May-24,7.15,7.2,7.05,7.08,7.08,24500700
20-May-24,7.25,7.29,7.17,7.19,7.19,20605800
17-May-24,7.15,7.42,7.12,7.28,7.28,36606000
16-May-24,7.23,7.3,7.11,7.12,7.12,28905000
15-May-24,7.63,7.63,7.21,7.27,7.27,35185400
14-May-24,7.21,7.64,7.2,7.47,7.47,74991900
13-May-24,7.03,7.32,7,7.11,7.11,55264000
10-May-24,7.05,7.09,6.92,6.94,6.94,29080800
09-May-24,7.08,7.13,6.99,7.06,7.06,22463500
08-May-24,6.98,7.09,6.93,7.05,7.05,29637600
07-May-24,7.12,7.19,7.03,7.06,7.06,31025600
06-May-24,7.05,7.27,7.03,7.16,7.16,50016600
03-May-24,7.13,7.24,6.88,6.96,6.96,56618000
02-May-24,7.03,7.11,6.86,6.99,6.99,45473400
01-May-24,6.7,7.18,6.65,6.92,6.92,68347700
30-Apr-24,6.88,6.89,6.61,6.78,6.78,78411600
29-Apr-24,7.37,7.45,7,7.05,7.05,149660200
26-Apr-24,7.7,7.9,7.58,7.87,7.87,88631000
25-Apr-24,7.42,7.6,7.26,7.59,7.59,47658800
24-Apr-24,7.61,7.68,7.46,7.6,7.6,39726800
23-Apr-24,7.24,7.59,7.22,7.58,7.58,40321500
22-Apr-24,7.17,7.29,7.11,7.25,7.25,31327400
19-Apr-24,7.08,7.28,7.05,7.11,7.11,36530500
18-Apr-24,7.16,7.38,7.07,7.13,7.13,34419100
17-Apr-24,7.23,7.34,7.12,7.16,7.16,29625600
16-Apr-24,7.05,7.28,6.97,7.2,7.2,34200500
15-Apr-24,7.33,7.42,7.08,7.12,7.12,33759400
12-Apr-24,7.56,7.6,7.3,7.33,7.33,36044300
11-Apr-24,7.57,7.64,7.43,7.64,7.64,28651700
10-Apr-24,7.65,7.8,7.48,7.56,7.56,53826100
09-Apr-24,7.82,7.94,7.73,7.89,7.89,46554000
08-Apr-24,7.51,7.77,7.5,7.76,7.76,56858200
05-Apr-24,7.3,7.46,7.25,7.4,7.4,29121300
04-Apr-24,7.65,7.71,7.27,7.31,7.31,49594100
03-Apr-24,7.31,7.58,7.23,7.54,7.54,50638600
02-Apr-24,7.05,7.22,6.97,7.2,7.2,29678800
01-Apr-24,7.31,7.34,7.12,7.22,7.22,31681900
28-Mar-24,7.33,7.47,7.29,7.3,7.3,30108100
27-Mar-24,7.28,7.37,7.17,7.36,7.36,34738800
26-Mar-24,7.35,7.46,7.16,7.2,7.2,39576600
25-Mar-24,7.28,7.6,7.25,7.45,7.45,27430900
22-Mar-24,7.32,7.41,7.24,7.3,7.3,23188400
21-Mar-24,7.55,7.57,7.36,7.44,7.44,56091900
20-Mar-24,6.93,7.37,6.87,7.36,7.36,61455100
19-Mar-24,6.92,7.03,6.82,6.92,6.92,50479000
18-Mar-24,7.07,7.11,6.86,7.08,7.08,47168400
15-Mar-24,7.03,7.05,6.91,7.03,7.03,52674400
14-Mar-24,7.33,7.35,6.99,7.05,7.05,69575100
13-Mar-24,7.43,7.56,7.36,7.38,7.38,42118300
12-Mar-24,7.68,7.69,7.38,7.48,7.48,49576500
11-Mar-24,7.8,7.95,7.61,7.68,7.68,59023000
08-Mar-24,7.52,7.83,7.47,7.71,7.71,76490500
07-Mar-24,7.5,7.58,7.18,7.47,7.47,83118900
06-Mar-24,7.37,7.62,7.05,7.4,7.4,131025300
05-Mar-24,8.07,8.2,7.26,7.27,7.27,187827900
04-Mar-24,9.05,9.13,8.57,8.58,8.58,35426400
01-Mar-24,8.99,9.04,8.77,8.99,8.99,26200600
29-Feb-24,9.07,9.14,8.82,8.98,8.98,29742200
28-Feb-24,9.04,9.18,8.83,8.86,8.86,42120700
27-Feb-24,8.75,9.17,8.7,9.15,9.15,66939300
26-Feb-24,8.19,8.69,8.16,8.54,8.54,46576100
23-Feb-24,8.17,8.37,8.11,8.17,8.17,27447600
22-Feb-24,8.24,8.35,8.14,8.16,8.16,30401200
21-Feb-24,8.34,8.35,8.1,8.11,8.11,39260200
20-Feb-24,8.29,8.52,8.21,8.51,8.51,39814900
16-Feb-24,8.44,8.58,8.27,8.36,8.36,50285500
15-Feb-24,8.5,8.55,8.34,8.53,8.53,40691500
14-Feb-24,8.15,8.43,8.1,8.42,8.42,44248000
13-Feb-24,7.84,8.2,7.78,8.02,8.02,62894400
12-Feb-24,8.12,8.5,8.1,8.33,8.33,44804100
09-Feb-24,8.19,8.35,8.08,8.13,8.13,40417500
08-Feb-24,7.7,8.14,7.66,8.08,8.08,49560500
07-Feb-24,7.82,7.83,7.57,7.66,7.66,37544900
06-Feb-24,7.59,7.88,7.53,7.8,7.8,44063700
05-Feb-24,7.7,7.76,7.45,7.58,7.58,42003000
02-Feb-24,7.58,7.95,7.47,7.88,7.88,53205100
01-Feb-24,7.93,7.96,7.57,7.73,7.73,76525400
31-Jan-24,8.09,8.34,7.81,7.83,7.83,110241400
30-Jan-24,9.03,9.4,8.38,8.4,8.4,119356000
29-Jan-24,8.82,9.45,8.62,9.16,9.16,286380900
26-Jan-24,7.69,7.83,7.52,7.62,7.62,72566000
25-Jan-24,7.66,7.75,7.55,7.65,7.65,49509400
24-Jan-24,7.89,7.94,7.53,7.56,7.56,41431000
23-Jan-24,8.1,8.14,7.73,7.75,7.75,45600700
22-Jan-24,7.83,8.33,7.72,7.92,7.92,69046700
19-Jan-24,7.45,7.5,7.21,7.49,7.49,39811300
18-Jan-24,7.62,7.63,7.23,7.41,7.41,47079900
17-Jan-24,7.53,7.58,7.37,7.53,7.53,41129900
16-Jan-24,7.77,7.85,7.61,7.72,7.72,38223300
12-Jan-24,8.17,8.3,7.81,7.89,7.89,49156500
11-Jan-24,8.41,8.43,8.06,8.17,8.17,46166600
10-Jan-24,8.33,8.6,8.14,8.48,8.48,39487200
09-Jan-24,8.4,8.52,8.28,8.32,8.32,26168200
08-Jan-24,8.25,8.62,8.23,8.53,8.53,32042200
05-Jan-24,8.27,8.5,8.16,8.22,8.22,39621600
04-Jan-24,8.35,8.59,8.17,8.42,8.42,37398900
03-Jan-24,8.91,9.03,8.28,8.31,8.31,82970700
02-Jan-24,9.71,9.81,9.52,9.65,9.65,38035000
29-Dec-23,10.25,10.3,9.81,9.95,9.95,38152600
28-Dec-23,10.28,10.39,10.19,10.28,10.28,26416400
27-Dec-23,10.01,10.49,10,10.32,10.32,44253700
26-Dec-23,9.83,9.99,9.74,9.96,9.96,26013700
22-Dec-23,9.77,9.88,9.59,9.71,9.71,29080400
21-Dec-23,9.53,9.67,9.39,9.64,9.64,41803000
20-Dec-23,9.91,10.16,9.23,9.31,9.31,75814700
19-Dec-23,9.78,9.99,9.66,9.94,9.94,51836700
18-Dec-23,9.3,9.79,9.21,9.66,9.66,48816300
15-Dec-23,9.53,9.57,9.14,9.35,9.35,52489000
14-Dec-23,9.11,9.84,9.09,9.47,9.47,92753900
13-Dec-23,7.98,8.96,7.84,8.94,8.94,75424700
12-Dec-23,8.07,8.1,7.82,7.95,7.95,26087100
11-Dec-23,8.12,8.27,8,8.07,8.07,24365600
08-Dec-23,7.95,8.22,7.88,8.13,8.13,34463500
07-Dec-23,7.98,8.14,7.88,7.96,7.96,30489200
06-Dec-23,8.14,8.45,7.86,7.89,7.89,51458700
05-Dec-23,7.89,8.03,7.75,7.99,7.99,30468400
04-Dec-23,7.71,8.25,7.65,7.96,7.96,45245600
01-Dec-23,7.26,7.93,7.17,7.83,7.83,68780300
30-Nov-23,7.39,7.4,7.1,7.29,7.29,41877900
29-Nov-23,7.44,7.73,7.31,7.35,7.35,45648300
28-Nov-23,7.04,7.35,7,7.34,7.34,36138300
27-Nov-23,6.87,7.2,6.86,7.03,7.03,40258600
24-Nov-23,6.9,6.95,6.79,6.86,6.86,13457600
22-Nov-23,6.8,7.03,6.71,6.9,6.9,36549600
21-Nov-23,6.54,6.72,6.41,6.72,6.72,46170200
20-Nov-23,6.77,6.78,6.56,6.61,6.61,44558700
17-Nov-23,6.8,6.88,6.65,6.83,6.83,30785400
16-Nov-23,7.28,7.29,6.63,6.71,6.71,73603100
15-Nov-23,7.39,7.5,7.22,7.37,7.37,40095900
14-Nov-23,7.39,7.53,7.22,7.48,7.48,38408700
13-Nov-23,6.85,7.11,6.72,7.04,7.04,33982500
10-Nov-23,6.92,6.95,6.74,6.94,6.94,29494800
09-Nov-23,7.16,7.17,6.57,6.85,6.85,86607400
08-Nov-23,7.38,7.39,7.12,7.31,7.31,28150800
07-Nov-23,7.5,7.6,7.33,7.42,7.42,34068100
06-Nov-23,8.05,8.06,7.37,7.49,7.49,46262100
03-Nov-23,8.28,8.48,8,8.01,8.01,41472500
02-Nov-23,7.9,8.2,7.88,8.17,8.17,45933900
01-Nov-23,7.64,7.75,7.35,7.58,7.58,42359700
31-Oct-23,7.04,7.57,7.03,7.55,7.55,63310400
30-Oct-23,7.6,7.88,6.68,6.94,6.94,125927200
27-Oct-23,7.07,7.08,6.85,6.87,6.87,45332100
26-Oct-23,7.04,7.17,6.8,6.9,6.9,47046900
25-Oct-23,7.24,7.27,7.02,7.08,7.08,31058500
24-Oct-23,7.4,7.57,7.26,7.38,7.38,23335900
23-Oct-23,7.28,7.5,6.97,7.26,7.26,29748000
20-Oct-23,7.55,7.68,7.32,7.37,7.37,27223700
19-Oct-23,7.75,7.98,7.59,7.63,7.63,26767700
18-Oct-23,8.19,8.26,7.69,7.77,7.77,26281300
17-Oct-23,8.1,8.36,8.08,8.25,8.25,18473600
16-Oct-23,8.24,8.35,8.08,8.25,8.25,16675200
13-Oct-23,8.44,8.48,8.06,8.12,8.12,21977600
12-Oct-23,8.64,8.66,8.28,8.39,8.39,22155400
11-Oct-23,8.45,8.73,8.45,8.59,8.59,22512700
10-Oct-23,8.25,8.53,8.21,8.36,8.36,20874200
09-Oct-23,7.78,8.2,7.77,8.18,8.18,17191900
06-Oct-23,7.51,8.03,7.5,7.99,7.99,23311700
05-Oct-23,7.42,7.71,7.3,7.65,7.65,17072900
04-Oct-23,7.41,7.49,7.14,7.47,7.47,23978900
03-Oct-23,7.71,7.75,7.18,7.28,7.28,36674900
02-Oct-23,8.08,8.16,7.8,7.84,7.84,20000300
29-Sep-23,7.92,8.3,7.91,7.99,7.99,28742000
28-Sep-23,7.6,7.84,7.53,7.77,7.77,23539600
27-Sep-23,7.48,7.66,7.39,7.6,7.6,28227000
26-Sep-23,7.4,7.59,7.37,7.4,7.4,22544900
25-Sep-23,7.46,7.66,7.4,7.51,7.51,23107800
22-Sep-23,8.03,8.05,7.44,7.54,7.54,38736100
21-Sep-23,8.11,8.15,7.91,7.95,7.95,29426500
20-Sep-23,8.67,8.79,8.31,8.32,8.32,21643900
19-Sep-23,8.65,8.87,8.54,8.62,8.62,18091600
18-Sep-23,9.05,9.07,8.63,8.67,8.67,22678700
15-Sep-23,9,9.14,8.88,9.07,9.07,30416800
14-Sep-23,8.89,9.18,8.86,9.05,9.05,23642000
13-Sep-23,9,9.09,8.77,8.8,8.8,16819200
12-Sep-23,8.79,9.19,8.79,9,9,25495600
11-Sep-23,8.65,8.92,8.64,8.9,8.9,19320600
08-Sep-23,8.54,8.67,8.45,8.55,8.55,15045300
07-Sep-23,8.35,8.58,8.22,8.57,8.57,19320700
06-Sep-23,8.73,8.81,8.43,8.54,8.54,23909700
05-Sep-23,8.75,8.88,8.62,8.75,8.75,18906300
01-Sep-23,8.77,8.93,8.72,8.79,8.79,17694500
31-Aug-23,8.78,8.87,8.52,8.66,8.66,26175600
30-Aug-23,8.46,8.78,8.36,8.74,8.74,26123600
29-Aug-23,8.18,8.58,8.16,8.46,8.46,24487400
28-Aug-23,8.38,8.42,8.17,8.23,8.23,17488700
25-Aug-23,8.12,8.43,8.06,8.29,8.29,24163700
24-Aug-23,8.48,8.5,8.08,8.12,8.12,26080600
23-Aug-23,8.08,8.47,8.06,8.43,8.43,21855700
22-Aug-23,8.4,8.47,8.11,8.15,8.15,23164700
21-Aug-23,8.25,8.33,8.08,8.29,8.29,22676600
18-Aug-23,7.92,8.29,7.89,8.22,8.22,27173100
17-Aug-23,8.35,8.41,8.08,8.11,8.11,29582400
16-Aug-23,8.23,8.43,8.21,8.26,8.26,23398900
15-Aug-23,8.6,8.6,8.34,8.37,8.37,23709300
14-Aug-23,8.52,8.71,8.36,8.68,8.68,27735500
11-Aug-23,8.53,8.7,8.42,8.65,8.65,26833600
10-Aug-23,9.09,9.24,8.72,8.72,8.72,37657800
09-Aug-23,9.27,9.27,8.8,8.99,8.99,43368300
08-Aug-23,9.03,9.45,9.01,9.31,9.31,28127800
07-Aug-23,9.5,9.57,9.16,9.39,9.39,31682000
04-Aug-23,10.08,10.1,9.47,9.5,9.5,42370200
03-Aug-23,9.92,10.17,9.86,10.05,10.05,37651500
02-Aug-23,10.12,10.28,9.72,10.08,10.08,62865900
01-Aug-23,11.06,11.1,10.31,10.35,10.35,88881800
31-Jul-23,10.39,11.7,10.3,11.45,11.45,210958900
28-Jul-23,9.36,9.6,9.16,9.55,9.55,58205300
27-Jul-23,9.71,9.73,8.94,9.09,9.09,45958200
26-Jul-23,9.26,9.54,9.21,9.52,9.52,34922300
25-Jul-23,9.4,9.78,9.31,9.33,9.33,38811100
24-Jul-23,9.44,9.56,9.3,9.45,9.45,26643500
21-Jul-23,9.68,9.7,9.26,9.43,9.43,34444800
20-Jul-23,9.63,9.99,9.37,9.57,9.57,41587700
19-Jul-23,9.76,10.13,9.65,9.85,9.85,50051500
18-Jul-23,9.55,9.74,9.43,9.57,9.57,33895900
17-Jul-23,9.04,9.81,8.99,9.48,9.48,48308500
14-Jul-23,9.22,9.45,8.94,9.08,9.08,38350800
13-Jul-23,8.92,9.24,8.77,9.16,9.16,43361100
12-Jul-23,9.34,9.39,9,9.2,9.2,41158600
11-Jul-23,8.81,9.2,8.75,9.07,9.07,52586400
10-Jul-23,8.1,8.72,8.04,8.71,8.71,38750100
07-Jul-23,8.09,8.3,8.03,8.05,8.05,22681400
06-Jul-23,8.23,8.26,7.86,8.1,8.1,38013800
05-Jul-23,8.49,8.68,8.31,8.38,8.38,26954600
03-Jul-23,8.36,8.64,8.35,8.52,8.52,26842000
30-Jun-23,8.92,9.41,8.32,8.34,8.34,98034000
29-Jun-23,9.07,9.28,8.6,8.71,8.71,42722400
28-Jun-23,8.59,9.09,8.58,8.87,8.87,36374400
27-Jun-23,8.33,8.72,8.32,8.64,8.64,39402300
26-Jun-23,8.24,8.66,8.14,8.2,8.2,33526600
23-Jun-23,7.91,8.29,7.71,8.28,8.28,62118500
22-Jun-23,8.54,8.69,8.35,8.49,8.49,30149500
21-Jun-23,8.51,8.77,8.34,8.63,8.63,37733600
20-Jun-23,8.31,8.64,8.2,8.59,8.59,49114900
16-Jun-23,8.91,9.18,8.5,8.6,8.6,107236500
15-Jun-23,9.18,9.58,8.88,9.55,9.55,97639300
14-Jun-23,9.79,10.23,9.29,9.74,9.74,128420300
13-Jun-23,9.54,9.61,8.89,9.54,9.54,108293500
12-Jun-23,8.46,9.3,8.4,9.16,9.16,117905100
09-Jun-23,8.25,8.81,8.11,8.18,8.18,84720300
08-Jun-23,7.69,8.2,7.66,8.12,8.12,66988400
07-Jun-23,7.86,8,7.64,7.74,7.74,60872200
06-Jun-23,7.18,7.76,7.14,7.65,7.65,56839700
05-Jun-23,7.12,7.6,7.07,7.25,7.25,69556200
02-Jun-23,7.11,7.11,6.71,7.03,7.03,63316100
01-Jun-23,6.71,7.26,6.63,6.82,6.82,108760600
31-May-23,6.2,7.02,6.1,6.94,6.94,152429200
30-May-23,5.81,6.05,5.59,6.03,6.03,68003300
26-May-23,5.24,5.48,5.22,5.41,5.41,26982900
25-May-23,5.39,5.4,5.09,5.21,5.21,24474900
24-May-23,5.2,5.33,5.13,5.31,5.31,23887800
23-May-23,5.24,5.49,5.22,5.29,5.29,43878300
22-May-23,4.99,5.34,4.92,5.26,5.26,42509300
19-May-23,5.07,5.13,4.91,4.93,4.93,25737600
18-May-23,4.98,5.14,4.92,5.07,5.07,35183400
17-May-23,4.76,4.98,4.69,4.96,4.96,42730500
16-May-23,4.79,4.82,4.61,4.76,4.76,38510800
15-May-23,4.68,4.84,4.45,4.77,4.77,103290700
12-May-23,5.17,5.22,4.93,5.02,5.02,44397600
11-May-23,5.44,5.44,5.12,5.14,5.14,36075600
10-May-23,5.58,5.6,5.38,5.48,5.48,28624400
09-May-23,5.35,5.55,5.34,5.41,5.41,26785200
08-May-23,5.18,5.49,5.18,5.47,5.47,39933900
05-May-23,5.01,5.17,4.99,5.16,5.16,40830500
04-May-23,4.78,4.91,4.59,4.89,4.89,59715600
03-May-23,4.97,5.08,4.75,4.85,4.85,64212800
02-May-23,5.26,5.3,4.72,4.91,4.91,115499500
01-May-23,6.52,6.54,5.46,5.47,5.47,125423700
28-Apr-23,6.15,6.3,5.94,6.23,6.23,55605100
27-Apr-23,5.77,6.19,5.75,6.06,6.06,43199900
26-Apr-23,5.81,5.88,5.66,5.67,5.67,24210900
25-Apr-23,5.78,5.84,5.72,5.75,5.75,21036200
24-Apr-23,5.92,5.95,5.79,5.83,5.83,20058000
21-Apr-23,5.9,5.99,5.85,5.94,5.94,16723200
20-Apr-23,5.98,6.05,5.88,5.92,5.92,18844900
19-Apr-23,5.9,6.1,5.87,6.08,6.08,18337500
18-Apr-23,6,6.02,5.89,5.98,5.98,17036300
17-Apr-23,5.89,6,5.81,5.96,5.96,24908100
14-Apr-23,5.99,6.03,5.77,5.92,5.92,24086000
13-Apr-23,5.91,5.98,5.82,5.86,5.86,20527100
12-Apr-23,6.06,6.06,5.67,5.82,5.82,35905000
11-Apr-23,5.91,6.02,5.86,5.97,5.97,26455400
10-Apr-23,5.69,5.92,5.66,5.91,5.91,21151200
06-Apr-23,5.7,5.81,5.61,5.75,5.75,25308100
05-Apr-23,5.87,5.87,5.58,5.74,5.74,30541900
04-Apr-23,6.1,6.1,5.84,5.89,5.89,19465200
03-Apr-23,6.14,6.28,5.94,6.03,6.03,32121400
31-Mar-23,5.75,6.17,5.67,6.07,6.07,41786800
30-Mar-23,5.87,5.93,5.62,5.72,5.72,25094700
29-Mar-23,5.69,5.92,5.65,5.75,5.75,28461800
28-Mar-23,5.74,5.79,5.51,5.59,5.59,23185400
27-Mar-23,5.82,5.88,5.73,5.76,5.76,24284700
24-Mar-23,5.68,5.83,5.64,5.74,5.74,18657400
23-Mar-23,5.65,5.88,5.57,5.78,5.78,35687800
22-Mar-23,5.79,6.03,5.54,5.56,5.56,62273300
21-Mar-23,5.35,5.6,5.32,5.57,5.57,29210300
20-Mar-23,5.47,5.54,5.19,5.22,5.22,33271400
17-Mar-23,5.47,5.54,5.33,5.46,5.46,27173200
16-Mar-23,5.35,5.54,5.28,5.45,5.45,25128700
15-Mar-23,5.34,5.46,5.28,5.41,5.41,34260500
14-Mar-23,5.69,5.74,5.43,5.55,5.55,36750400
13-Mar-23,5.46,5.57,5.1,5.49,5.49,59761300
10-Mar-23,5.9,5.92,5.21,5.58,5.58,86809700
09-Mar-23,6.42,6.55,6.07,6.09,6.09,27793300
08-Mar-23,6.48,6.6,6.38,6.47,6.47,16558600
07-Mar-23,6.71,6.71,6.42,6.51,6.51,28344300
06-Mar-23,6.8,6.97,6.67,6.68,6.68,26214300
03-Mar-23,6.48,6.79,6.46,6.72,6.72,25456400
02-Mar-23,6.3,6.51,6.23,6.45,6.45,18003500
01-Mar-23,6.58,6.62,6.43,6.44,6.44,19827300
28-Feb-23,6.46,6.7,6.45,6.6,6.6,17430600
27-Feb-23,6.45,6.5,6.34,6.42,6.42,19082100
24-Feb-23,6.38,6.45,6.31,6.38,6.38,16954200
23-Feb-23,6.65,6.69,6.39,6.55,6.55,19210200
22-Feb-23,6.4,6.58,6.37,6.54,6.54,22778900
21-Feb-23,6.46,6.57,6.33,6.42,6.42,26332900
17-Feb-23,6.89,6.96,6.51,6.62,6.62,30999500
16-Feb-23,7.07,7.28,6.95,6.98,6.98,30458000
15-Feb-23,6.82,7.29,6.8,7.25,7.25,35683800
14-Feb-23,6.66,6.82,6.43,6.74,6.74,28449700
13-Feb-23,6.75,6.9,6.68,6.76,6.76,23626800
10-Feb-23,6.76,6.89,6.64,6.81,6.81,37285300
09-Feb-23,7.27,7.36,6.84,6.89,6.89,50352400
08-Feb-23,7.32,7.49,7.19,7.2,7.2,25636300
07-Feb-23,7.37,7.45,7.14,7.38,7.38,40804000
06-Feb-23,7.35,7.64,7.26,7.41,7.41,41269900
03-Feb-23,7.4,7.99,7.31,7.46,7.46,55989100
02-Feb-23,7.67,8.24,7.45,7.72,7.72,106231100
01-Feb-23,6.93,7.47,6.86,7.38,7.38,75445300
31-Jan-23,6.66,6.95,6.51,6.93,6.93,68287100
30-Jan-23,6.59,7.01,6.37,6.68,6.68,164184300
27-Jan-23,5.69,6.04,5.63,5.94,5.94,48503500
26-Jan-23,5.9,5.94,5.65,5.71,5.71,29992300
25-Jan-23,5.64,5.87,5.54,5.79,5.79,30127800
24-Jan-23,5.78,6,5.73,5.79,5.79,32563800
23-Jan-23,5.71,5.89,5.63,5.87,5.87,39018500
20-Jan-23,5.49,5.75,5.43,5.67,5.67,31135600
19-Jan-23,5.41,5.53,5.31,5.41,5.41,32006500
18-Jan-23,5.65,5.7,5.48,5.56,5.56,38396700
17-Jan-23,5.45,5.72,5.36,5.64,5.64,37801400
13-Jan-23,5.22,5.49,5.19,5.44,5.44,32477100
12-Jan-23,5.19,5.38,4.99,5.36,5.36,49408800
11-Jan-23,5.15,5.19,4.98,5.15,5.15,41602100
10-Jan-23,4.8,5.13,4.78,5.12,5.12,42334400
09-Jan-23,4.67,5,4.67,4.82,4.82,50435000
06-Jan-23,4.66,4.7,4.49,4.62,4.62,31589500
05-Jan-23,4.66,4.73,4.56,4.63,4.63,30512000
04-Jan-23,4.54,4.88,4.49,4.77,4.77,48731400
03-Jan-23,4.65,4.75,4.43,4.5,4.5,29303200
30-Dec-22,4.49,4.65,4.45,4.61,4.61,28240200
29-Dec-22,4.4,4.63,4.32,4.59,4.59,33261900
28-Dec-22,4.38,4.43,4.24,4.37,4.37,35043300
27-Dec-22,4.55,4.58,4.35,4.39,4.39,24110700
23-Dec-22,4.55,4.62,4.46,4.61,4.61,19435300
22-Dec-22,4.58,4.63,4.37,4.58,4.58,30665900
21-Dec-22,4.65,4.73,4.56,4.64,4.64,24848900
20-Dec-22,4.53,4.76,4.45,4.57,4.57,34033400
19-Dec-22,4.66,4.66,4.4,4.43,4.43,27122400
16-Dec-22,4.58,4.68,4.5,4.64,4.64,31419300
15-Dec-22,4.58,4.76,4.5,4.63,4.63,37157400
14-Dec-22,4.57,4.92,4.53,4.7,4.7,68775700
13-Dec-22,4.69,4.77,4.35,4.43,4.43,33682400
12-Dec-22,4.31,4.48,4.27,4.45,4.45,23353200
09-Dec-22,4.36,4.4,4.31,4.34,4.34,16804200
08-Dec-22,4.35,4.43,4.25,4.4,4.4,19767400
07-Dec-22,4.3,4.37,4.24,4.3,4.3,21933400
06-Dec-22,4.54,4.55,4.26,4.32,4.32,41048400
05-Dec-22,4.7,4.73,4.47,4.53,4.53,28384800
02-Dec-22,4.6,4.7,4.52,4.7,4.7,23866400
01-Dec-22,4.86,4.91,4.67,4.74,4.74,34842000
30-Nov-22,4.55,4.85,4.52,4.83,4.83,49235500
29-Nov-22,4.46,4.57,4.44,4.56,4.56,40676700
28-Nov-22,4.54,4.63,4.41,4.45,4.45,46991100
25-Nov-22,4.67,4.67,4.51,4.6,4.6,28016500
23-Nov-22,4.67,4.71,4.53,4.66,4.66,58395300
22-Nov-22,4.9,4.9,4.6,4.64,4.64,76694100
21-Nov-22,5.13,5.19,4.8,4.87,4.87,99355000
18-Nov-22,5.48,5.49,5.16,5.18,5.18,36633900
17-Nov-22,5.34,5.51,5.28,5.38,5.38,34036700
16-Nov-22,5.77,5.77,5.47,5.53,5.53,43267800
15-Nov-22,6.1,6.13,5.8,5.85,5.85,59806400
14-Nov-22,5.89,6.05,5.72,5.86,5.86,47833200
11-Nov-22,5.32,6,5.32,5.95,5.95,84353300
10-Nov-22,5.27,5.44,5.09,5.34,5.34,69817600
09-Nov-22,5.03,5.06,4.94,4.98,4.98,45924000
08-Nov-22,5.18,5.3,5.05,5.1,5.1,48009700
07-Nov-22,5.23,5.28,5.12,5.18,5.18,39915100
04-Nov-22,5.49,5.51,5.06,5.18,5.18,53554200
03-Nov-22,5.03,5.39,5.01,5.36,5.36,55484100
02-Nov-22,5.68,5.7,5.03,5.12,5.12,106803800
01-Nov-22,6.46,6.47,5.67,5.73,5.73,159097200
31-Oct-22,5.56,5.67,5.36,5.44,5.44,61549200
28-Oct-22,5.37,5.47,5.29,5.45,5.45,28751000
27-Oct-22,5.62,5.66,5.34,5.35,5.35,26942700
26-Oct-22,5.53,5.77,5.5,5.54,5.54,37510600
25-Oct-22,5.2,5.68,5.19,5.66,5.66,49264000
24-Oct-22,5.14,5.2,4.97,5.17,5.17,32703200
21-Oct-22,4.97,5.16,4.9,5.15,5.15,33980000
20-Oct-22,4.97,5.19,4.96,5.01,5.01,30718900
19-Oct-22,5.21,5.22,4.97,4.99,4.99,35412300
18-Oct-22,5.25,5.35,5.15,5.25,5.25,37401900
17-Oct-22,4.95,5.1,4.85,5.07,5.07,33347900
14-Oct-22,5.19,5.28,4.81,4.81,4.81,35776200
13-Oct-22,4.89,5.22,4.84,5.09,5.09,32629000
12-Oct-22,4.98,5.12,4.88,5.08,5.08,26339800
11-Oct-22,4.95,5.17,4.77,5,5,35828900
10-Oct-22,5.01,5.03,4.91,4.97,4.97,22211500
07-Oct-22,5.13,5.15,4.96,5.01,5.01,27856200
06-Oct-22,5.27,5.47,5.17,5.29,5.29,28449200
05-Oct-22,5.27,5.32,5.07,5.28,5.28,36209300
04-Oct-22,5.26,5.46,5.25,5.4,5.4,37930500
03-Oct-22,4.94,5.22,4.81,5.13,5.13,33619400
30-Sep-22,4.82,5.09,4.81,4.88,4.88,33884400
29-Sep-22,5.12,5.16,4.79,4.84,4.84,56776400
28-Sep-22,5.08,5.28,5.04,5.25,5.25,29843200
27-Sep-22,5.23,5.33,5,5.08,5.08,35622200
26-Sep-22,5.3,5.51,5.08,5.08,5.08,65463200
23-Sep-22,5.26,5.37,5.16,5.31,5.31,40071900
22-Sep-22,5.72,5.79,5.36,5.36,5.36,41535300
21-Sep-22,5.89,6.04,5.69,5.69,5.69,36073900
20-Sep-22,6,6.12,5.88,5.89,5.89,27278200
19-Sep-22,5.95,6.1,5.89,6.08,6.08,30714100
16-Sep-22,6.24,6.27,6.01,6.05,6.05,44028900
15-Sep-22,6.13,6.65,6.1,6.41,6.41,58733500
14-Sep-22,6.06,6.19,5.9,6.17,6.17,62819300
13-Sep-22,6.02,6.14,5.79,5.84,5.84,44931900
12-Sep-22,6.35,6.49,6.29,6.41,6.41,28634000
09-Sep-22,6.23,6.34,6.17,6.33,6.33,30872900
08-Sep-22,5.69,6.19,5.68,6.19,6.19,38945300
07-Sep-22,5.6,5.85,5.57,5.82,5.82,25290200
06-Sep-22,5.75,5.79,5.57,5.65,5.65,28734800
02-Sep-22,5.99,6,5.7,5.74,5.74,29739700
01-Sep-22,5.82,5.86,5.61,5.85,5.85,34316400
31-Aug-22,5.97,6.08,5.87,5.92,5.92,32515900
30-Aug-22,6.08,6.13,5.81,5.91,5.91,38113900
29-Aug-22,6.09,6.23,5.97,6,6,55367700
26-Aug-22,6.86,6.89,6.12,6.18,6.18,74661000
25-Aug-22,6.63,6.72,6.39,6.69,6.69,53630800
24-Aug-22,6.7,6.87,6.37,6.45,6.45,114014000
23-Aug-22,6.15,6.25,6.01,6.17,6.17,55901700
22-Aug-22,6.15,6.33,6.01,6.1,6.1,41817600
19-Aug-22,6.52,6.53,6.27,6.33,6.33,47048200
18-Aug-22,6.95,6.96,6.62,6.68,6.68,38842700
17-Aug-22,7.43,7.45,6.82,6.88,6.88,75554900
16-Aug-22,7.5,7.81,7.19,7.58,7.58,56783500
15-Aug-22,7.57,7.7,7.39,7.62,7.62,38003000
12-Aug-22,7.53,7.7,7.3,7.65,7.65,35779800
11-Aug-22,8.08,8.14,7.36,7.42,7.42,65326100
10-Aug-22,7.78,7.95,7.51,7.81,7.81,51807800
09-Aug-22,7.7,7.76,7.25,7.39,7.39,50017000
08-Aug-22,8.14,8.49,7.88,7.98,7.98,56810700
05-Aug-22,8.02,8.26,7.82,7.96,7.96,43574400
04-Aug-22,8.17,8.52,7.86,8.23,8.23,61791900
03-Aug-22,7.28,8.42,7.05,8.23,8.23,147719800
02-Aug-22,6.34,6.63,6.31,6.41,6.41,49460900
01-Aug-22,6.27,6.41,6.14,6.36,6.36,21109900
29-Jul-22,6.27,6.37,6.15,6.31,6.31,19058700
28-Jul-22,6.45,6.56,6.09,6.3,6.3,21965900
27-Jul-22,6.25,6.47,6.19,6.44,6.44,17437400
26-Jul-22,6.37,6.37,6.12,6.14,6.14,16325700
25-Jul-22,6.57,6.61,6.37,6.46,6.46,14153800
22-Jul-22,7.05,7.06,6.52,6.62,6.62,21258200
21-Jul-22,6.97,7.15,6.9,7.04,7.04,19858400
20-Jul-22,6.69,7.08,6.66,6.97,6.97,24765700
19-Jul-22,6.48,6.63,6.27,6.62,6.62,21273600
18-Jul-22,6.33,6.59,6.31,6.35,6.35,20005800
15-Jul-22,6.04,6.3,5.93,6.29,6.29,22335800
14-Jul-22,5.88,5.97,5.76,5.91,5.91,17285100
13-Jul-22,5.85,6.06,5.75,5.95,5.95,25769500
12-Jul-22,6.02,6.23,5.9,6.04,6.04,18008300
11-Jul-22,6.03,6.09,5.82,6.01,6.01,18679700
08-Jul-22,6,6.37,5.93,6.19,6.19,26898900
07-Jul-22,5.9,6.28,5.85,6.26,6.26,30799700
06-Jul-22,5.8,6.1,5.78,5.9,5.9,25041500
05-Jul-22,5.33,5.84,5.14,5.84,5.84,28258400
01-Jul-22,5.26,5.49,5.17,5.41,5.41,21703300
30-Jun-22,5.43,5.51,5.23,5.27,5.27,27760700
29-Jun-22,5.52,5.55,5.34,5.54,5.54,32700600
28-Jun-22,5.93,5.97,5.5,5.56,5.56,31351800
27-Jun-22,6.1,6.21,5.85,5.93,5.93,26805000
24-Jun-22,5.88,6.18,5.79,6.13,6.13,87590000
23-Jun-22,5.65,5.92,5.63,5.78,5.78,28993800
22-Jun-22,5.62,5.82,5.54,5.6,5.6,34436600
21-Jun-22,5.82,5.98,5.72,5.72,5.72,32297200
17-Jun-22,5.57,5.85,5.51,5.7,5.7,53969200
16-Jun-22,5.71,5.84,5.44,5.47,5.47,32073700
15-Jun-22,5.95,6.17,5.68,5.94,5.94,59845400
14-Jun-22,5.75,6.04,5.72,5.93,5.93,39077700
13-Jun-22,5.61,5.74,5.34,5.61,5.61,51080200
10-Jun-22,5.97,6.25,5.85,5.94,5.94,37492800
09-Jun-22,6.68,6.69,6.11,6.11,6.11,35450400
08-Jun-22,6.78,6.97,6.61,6.66,6.66,30467700
07-Jun-22,6.75,6.9,6.67,6.86,6.86,26378400
06-Jun-22,7.08,7.26,6.77,6.86,6.86,39384000
03-Jun-22,7.15,7.25,6.89,6.98,6.98,29389200
02-Jun-22,7.04,7.42,6.95,7.42,7.42,28783000
01-Jun-22,7.49,7.62,6.95,7.05,7.05,36804600
31-May-22,7.49,7.7,7.26,7.48,7.48,61518900
27-May-22,7.29,7.68,7.19,7.55,7.55,38264400
26-May-22,7.07,7.39,6.91,7.14,7.14,35132100
25-May-22,6.74,7.16,6.68,7.01,7.01,35566800
24-May-22,7.07,7.15,6.62,6.72,6.72,38264600
23-May-22,7.36,7.49,7.1,7.27,7.27,33054600
20-May-22,8.02,8.04,7.13,7.49,7.49,56792900
19-May-22,7.25,7.99,7.15,7.75,7.75,57737200
18-May-22,6.93,7.56,6.8,7.23,7.23,54156900
17-May-22,7.09,7.34,6.96,7.05,7.05,54578600
16-May-22,7.02,7.24,6.84,6.91,6.91,60528400
13-May-22,6.08,6.86,6.01,6.75,6.75,74842000
12-May-22,5.31,5.79,5.05,5.66,5.66,66310000
11-May-22,5.21,5.61,4.95,5.49,5.49,76698100
10-May-22,5.75,5.8,4.82,5.25,5.25,125633800
09-May-22,6.23,6.39,5.79,5.97,5.97,51638700
06-May-22,6.82,6.87,6.34,6.44,6.44,50526800
05-May-22,7.05,7.11,6.57,6.83,6.83,46638700
04-May-22,6.36,7.17,6.2,7.14,7.14,77128300
03-May-22,6.28,6.42,6.18,6.4,6.4,27381700
02-May-22,6.11,6.34,6.01,6.33,6.33,43738400
29-Apr-22,6.37,6.75,6.1,6.12,6.12,33526800
28-Apr-22,6.3,6.54,6.02,6.45,6.45,46069000
27-Apr-22,6.25,6.46,6.09,6.15,6.15,42697500
26-Apr-22,6.5,6.5,6.14,6.29,6.29,49526100
25-Apr-22,6.27,6.61,6.23,6.55,6.55,37571500
22-Apr-22,6.6,6.68,6.32,6.39,6.39,45591900
21-Apr-22,7.03,7.11,6.48,6.6,6.6,66530900
20-Apr-22,7.36,7.36,6.93,6.95,6.95,56574300
19-Apr-22,7.11,7.58,7.05,7.41,7.41,39488900
18-Apr-22,7.26,7.32,6.97,7.13,7.13,50207800
14-Apr-22,7.66,7.66,7.22,7.26,7.26,42198000
13-Apr-22,7.45,7.68,7.24,7.61,7.61,39309500
12-Apr-22,7.81,8.09,7.37,7.48,7.48,58650300
11-Apr-22,7.7,7.93,7.56,7.72,7.72,37461600
08-Apr-22,8.07,8.1,7.78,7.87,7.87,39037800
07-Apr-22,8.27,8.39,7.64,8.12,8.12,109248300
06-Apr-22,8.98,9.03,8.46,8.75,8.75,56769400
05-Apr-22,9.83,10.1,9.09,9.12,9.12,47197100
04-Apr-22,9.42,10.03,9.4,9.77,9.77,34363300
01-Apr-22,9.47,9.62,9.21,9.33,9.33,29654500
31-Mar-22,9.82,9.87,9.42,9.45,9.45,33702800
30-Mar-22,10.03,10.57,9.63,9.77,9.77,59785700
29-Mar-22,9.25,10.21,9.22,10.14,10.14,72805100
28-Mar-22,9.03,9.28,8.84,9.25,9.25,33300900
25-Mar-22,9.42,9.42,8.91,9.01,9.01,42524700
24-Mar-22,9.4,9.51,9.07,9.47,9.47,30175800
23-Mar-22,9.6,9.78,9.32,9.37,9.37,38946300
22-Mar-22,9.56,10.06,9.25,9.72,9.72,56998400
21-Mar-22,9.82,9.93,9.33,9.57,9.57,39791700
18-Mar-22,8.92,9.98,8.82,9.87,9.87,66667100
17-Mar-22,8.55,9.08,8.38,8.91,8.91,67654100
16-Mar-22,8.08,8.76,8.05,8.57,8.57,84406700
15-Mar-22,7.96,8.29,7.79,8.2,8.2,52317400
14-Mar-22,8.45,8.45,7.74,7.93,7.93,75632700
11-Mar-22,9.51,9.54,8.52,8.55,8.55,71568500
10-Mar-22,9.71,9.82,9.18,9.41,9.41,47638400
09-Mar-22,9.96,10.09,9.65,9.87,9.87,53891100
08-Mar-22,9.51,10.09,9.28,9.72,9.72,50878200
07-Mar-22,9.98,10.22,9.59,9.62,9.62,54287700
04-Mar-22,10.64,11.01,9.92,10,10,63130700
03-Mar-22,11.49,11.51,10.61,10.69,10.69,70875700
02-Mar-22,12.95,13,11.51,11.58,11.58,147527000
01-Mar-22,11.96,11.98,11.2,11.2,11.2,107850300
28-Feb-22,10.68,11.76,10.67,11.45,11.45,64380500
25-Feb-22,10.47,10.72,9.97,10.67,10.67,46588100
24-Feb-22,8.86,10.38,8.82,10.33,10.33,76026500
23-Feb-22,10.68,10.69,9.82,9.82,9.82,62010000
22-Feb-22,11.03,11.16,10.19,10.26,10.26,76018700
18-Feb-22,12.17,12.23,11.17,11.39,11.39,59994500
17-Feb-22,12.91,13.17,12.15,12.18,12.18,44690000
16-Feb-22,12.61,13.28,12.6,13.08,13.08,58488200
15-Feb-22,12.26,12.64,11.97,12.58,12.58,51170300
14-Feb-22,12.59,12.87,11.92,12,12,73358600
11-Feb-22,12.73,13.25,12.29,12.4,12.4,76947100
10-Feb-22,12.43,13.41,12.29,12.39,12.39,57391400
09-Feb-22,12.41,12.99,12.19,12.86,12.86,47536700
08-Feb-22,11.72,12.15,11.53,12.13,12.13,32936100
07-Feb-22,11.93,12.4,11.66,11.72,11.72,37906200
04-Feb-22,11.54,12.07,11.16,11.89,11.89,46870800
03-Feb-22,11.77,12.22,11.38,11.57,11.57,55485600
02-Feb-22,13.03,13.06,11.9,12.16,12.16,73581200
01-Feb-22,12.68,13.55,12.37,13.27,13.27,89022400
31-Jan-22,11.2,12.49,11.05,12.48,12.48,73077100
28-Jan-22,11.34,11.34,10.51,11.1,11.1,78767700
27-Jan-22,12.72,12.79,11.27,11.36,11.36,83981800
26-Jan-22,13.14,13.86,12.45,12.58,12.58,83654000
25-Jan-22,12.75,13.45,12.58,12.76,12.76,72818300
24-Jan-22,13.01,13.35,11.83,13.3,13.3,136949000
21-Jan-22,14.98,14.98,13.64,13.89,13.89,135687400
20-Jan-22,14.27,16.47,14.01,15,15,268936000
19-Jan-22,14.37,14.39,13.37,13.71,13.71,186755800
18-Jan-22,12.8,13.11,12.02,12.06,12.06,50314700
14-Jan-22,12.95,13.32,12.66,13.2,13.2,32460700
13-Jan-22,14,14.04,13.06,13.09,13.09,29900800
12-Jan-22,14.3,14.42,13.75,13.86,13.86,24842400
11-Jan-22,13.3,14.14,13.25,13.94,13.94,24517400
10-Jan-22,13.45,13.49,12.82,13.37,13.37,37040300
07-Jan-22,13.82,14.4,13.62,13.74,13.74,28716200
06-Jan-22,14.02,14.27,13.01,13.78,13.78,46269400
05-Jan-22,14.88,15.23,14.04,14.1,14.1,35103100
04-Jan-22,15.61,15.86,14.59,15.05,15.05,34175900
03-Jan-22,16.1,16.13,15.45,15.68,15.68,27500900
31-Dec-21,15.93,16.49,15.74,15.81,15.81,30798200
30-Dec-21,14.51,16.35,14.5,15.95,15.95,41348700
29-Dec-21,14.83,14.83,14.18,14.47,14.47,20899600
28-Dec-21,15.28,15.49,14.67,14.85,14.85,24049700
27-Dec-21,15.11,15.49,14.85,15.39,15.39,19826700
23-Dec-21,14.98,15.19,14.73,15.09,15.09,19824000
22-Dec-21,14.86,15.37,14.73,14.99,14.99,24332100
21-Dec-21,14.87,15.17,14.72,14.97,14.97,27695600
20-Dec-21,14.48,15.21,14.28,14.59,14.59,31658600
17-Dec-21,14.08,14.77,13.66,14.65,14.65,44408700
16-Dec-21,15.36,15.44,14.18,14.27,14.27,43018000
15-Dec-21,14.44,15.28,14.03,15.16,15.16,33540400
14-Dec-21,14.27,14.72,14.16,14.48,14.48,26707800
13-Dec-21,14.89,15.25,14.02,14.58,14.58,40507500
10-Dec-21,15.79,15.87,14.87,15.01,15.01,41344200
09-Dec-21,16.66,16.91,15.55,15.66,15.66,32398900
08-Dec-21,16.79,17.17,16.25,16.94,16.94,25262600
07-Dec-21,16.14,16.72,16.12,16.62,16.62,30846600
06-Dec-21,15.06,15.84,14.5,15.72,15.72,34134800
03-Dec-21,16.43,16.44,14.62,15.19,15.19,64350700
02-Dec-21,16.41,16.63,15.96,16.43,16.43,27033800
01-Dec-21,17.41,17.91,16.23,16.39,16.39,34471500
30-Nov-21,18.25,18.54,17.13,17.2,17.2,67190100
29-Nov-21,18.58,18.69,17.87,18.43,18.43,23366900
26-Nov-21,17.88,18.32,17.8,18.21,18.21,13253100
24-Nov-21,17.45,18.58,17.35,18.33,18.33,28778600
23-Nov-21,18.53,18.66,17.38,17.81,17.81,31341700
22-Nov-21,20.52,20.6,18.32,18.75,18.75,39766000
19-Nov-21,20.11,21.1,19.94,20.37,20.37,25321200
18-Nov-21,21.2,21.32,20.2,20.57,20.57,25447500
17-Nov-21,21.85,22.04,21.02,21.12,21.12,18998300
16-Nov-21,22.6,22.63,21.42,21.67,21.67,41386800
15-Nov-21,22.98,24.12,22.75,22.92,22.92,30384300
12-Nov-21,23.17,23.6,22.17,22.76,22.76,29275500
11-Nov-21,23.99,24.65,22.6,22.97,22.97,72680100
10-Nov-21,21.14,21.85,19.85,20.42,20.42,46108800
09-Nov-21,23.14,23.25,21.61,22.14,22.14,24573000
08-Nov-21,22.63,23.07,22.44,22.74,22.74,16884900
05-Nov-21,22.89,23.22,22.24,22.57,22.57,19635300
04-Nov-21,23.18,23.55,22.83,23.29,23.29,18496800
03-Nov-21,22.67,23.63,22.44,22.96,22.96,26468800
02-Nov-21,22.67,22.93,21.6,22.68,22.68,35482300
01-Nov-21,20.53,22.81,20.28,22.62,22.62,52780200
29-Oct-21,19.8,20.16,19.69,20.09,20.09,11538000
28-Oct-21,19.56,20.2,19.48,19.91,19.91,15070700
27-Oct-21,20,20.48,19.14,19.25,19.25,17585700
26-Oct-21,20.94,20.97,19.46,19.96,19.96,26725500
25-Oct-21,20.62,21.08,20.1,20.69,20.69,15053100
22-Oct-21,20.86,21.06,20.2,20.58,20.58,18994500
21-Oct-21,20.89,21.77,20.76,20.99,20.99,24771700
20-Oct-21,20.36,21.19,19.87,21.05,21.05,25757100
19-Oct-21,21.04,21.08,20.18,20.22,20.22,26292200
18-Oct-21,19.18,21,19.12,20.85,20.85,48421800
15-Oct-21,19.56,19.86,19.32,19.38,19.38,22190300
14-Oct-21,19.8,19.81,18.94,19.62,19.62,33917700
13-Oct-21,19,19.31,18.49,18.92,18.92,31335900
12-Oct-21,18.17,19.02,17.84,18.97,18.97,47239700
11-Oct-21,16.9,18.51,16.83,18.39,18.39,69669600
08-Oct-21,16.53,16.65,16.17,16.21,16.21,11054400
07-Oct-21,16.94,17.09,16.34,16.4,16.4,15267800
06-Oct-21,16,16.64,15.92,16.62,16.62,11896400
05-Oct-21,16.15,16.76,16.08,16.25,16.25,13941200
04-Oct-21,16.29,16.68,15.88,16.09,16.09,21849700
01-Oct-21,15.88,16.49,15.75,16.45,16.45,18850300
30-Sep-21,15.9,16.06,15.3,15.88,15.88,38688800
29-Sep-21,16.35,17.17,16.01,16.01,16.01,38323200
28-Sep-21,17.4,17.67,16.8,17.04,17.04,25569500
27-Sep-21,17.66,18.08,16.85,17.7,17.7,35517600
24-Sep-21,16.86,17.79,16.62,17.64,17.64,22923000
23-Sep-21,17.2,17.35,16.67,17.14,17.14,29369500
22-Sep-21,15.86,17.08,15.61,16.84,16.84,55383300
21-Sep-21,14.62,15.28,14.56,15.17,15.17,23601500
20-Sep-21,14.58,14.91,14.42,14.57,14.57,27954600
17-Sep-21,15.52,15.58,15.06,15.09,15.09,55126300
16-Sep-21,15.47,15.66,15.23,15.5,15.5,24121300
15-Sep-21,14.84,15.5,14.63,15.45,15.45,34832000
14-Sep-21,15.02,15.33,14.38,14.5,14.5,24475700
13-Sep-21,15.33,15.39,14.67,15.01,15.01,20253100
10-Sep-21,15.77,15.91,15.23,15.29,15.29,17029500
09-Sep-21,15.31,15.84,15.26,15.69,15.69,18395800
08-Sep-21,15.81,16.01,15.14,15.47,15.47,15621400
07-Sep-21,15.5,16.13,15.46,15.84,15.84,21664600
03-Sep-21,15.02,15.53,14.92,15.16,15.16,18793200
02-Sep-21,14.6,15.2,14.4,15.06,15.06,19534100
01-Sep-21,14.14,14.69,14.11,14.57,14.57,16856500
31-Aug-21,14.18,14.25,13.97,14.18,14.18,14530700
30-Aug-21,14.18,14.38,14.01,14.19,14.19,15445700
27-Aug-21,14.31,14.41,14.04,14.04,14.04,19756400
26-Aug-21,14.76,14.79,14.2,14.36,14.36,16743800
25-Aug-21,14.8,15.08,14.51,14.85,14.85,13785300
24-Aug-21,14.48,14.93,14.47,14.76,14.76,13649900
23-Aug-21,14.27,14.5,14.22,14.43,14.43,13277100
20-Aug-21,13.98,14.27,13.9,14.04,14.04,17618000
19-Aug-21,13.99,14.12,13.77,13.82,13.82,15576700
18-Aug-21,13.98,14.58,13.85,14.22,14.22,20754500
17-Aug-21,14.08,14.7,13.56,13.75,13.75,31925000
16-Aug-21,15.01,15.14,14.18,14.29,14.29,26155000
13-Aug-21,15.35,15.53,14.91,14.99,14.99,59983500
12-Aug-21,16.97,17.52,16.74,17.46,17.46,35861400
11-Aug-21,17.16,17.27,16.51,16.9,16.9,17104700
10-Aug-21,17.02,17.27,16.56,16.99,16.99,12830200
09-Aug-21,16.99,17.32,16.56,16.91,16.91,15571300
06-Aug-21,16.06,16.94,16.06,16.71,16.71,13993700
05-Aug-21,16.6,16.73,15.88,16.06,16.06,14501500
04-Aug-21,15.23,16.58,15.2,16.39,16.39,25718500
03-Aug-21,15.77,16.05,15.01,15.11,15.11,16166800
02-Aug-21,15.58,16.32,15.41,15.73,15.73,15097600
30-Jul-21,15.35,15.79,15.35,15.44,15.44,6653700
29-Jul-21,15.88,16.24,15.51,15.6,15.6,12748300
28-Jul-21,15.12,15.48,15.08,15.37,15.37,10131600
27-Jul-21,15.49,15.5,14.72,14.92,14.92,16735400
26-Jul-21,15.76,16.09,15.48,15.51,15.51,8994900
23-Jul-21,15.89,16.05,15.44,15.7,15.7,10370000
22-Jul-21,16.49,16.6,15.71,16.05,16.05,18833300
21-Jul-21,15.14,16.65,15.1,16.56,16.56,27892400
20-Jul-21,15.18,15.29,14.94,15.06,15.06,11683000
19-Jul-21,15,15.53,14.87,15.17,15.17,14780900
16-Jul-21,16.1,16.19,15.22,15.3,15.3,14214600
15-Jul-21,15.62,16.42,15.45,15.99,15.99,16186000
14-Jul-21,16.05,16.22,15.37,15.52,15.52,19069000
13-Jul-21,16.38,16.62,15.8,16,16,16623000
12-Jul-21,16.51,16.84,16.22,16.42,16.42,14071000
09-Jul-21,16.92,17.3,16.43,16.45,16.45,17663000
08-Jul-21,16.3,16.8,16.1,16.62,16.62,18443700
07-Jul-21,17.56,17.58,16.8,16.94,16.94,17530000
06-Jul-21,18.08,18.08,17.22,17.35,17.35,20245500
02-Jul-21,18.27,18.58,17.75,18.08,18.08,25687900
01-Jul-21,19.23,19.24,18.16,18.25,18.25,19839100
30-Jun-21,19.33,19.8,19,19.17,19.17,27479600
29-Jun-21,20.52,20.99,18.64,18.87,18.87,57158300
28-Jun-21,18.17,19.97,17.65,19.26,19.26,56821000
25-Jun-21,19.77,19.9,18.5,18.5,18.5,36679200
24-Jun-21,21.52,21.65,20.81,20.87,20.87,6475100
23-Jun-21,21.33,21.7,20.9,21.4,21.4,5328500
22-Jun-21,22.66,22.82,21.09,21.2,21.2,6586300
21-Jun-21,22.82,23.2,22.22,22.51,22.51,3590300
18-Jun-21,22.72,23.68,22.22,23.04,23.04,5991500
17-Jun-21,22,23.27,21.4,22.7,22.7,7359600
16-Jun-21,21.21,22.64,21.1,21.83,21.83,9596000
15-Jun-21,21.59,21.68,20.69,20.8,20.8,3531200
14-Jun-21,22.25,22.58,21.39,21.82,21.82,4099800
11-Jun-21,23.1,23.3,22.16,22.4,22.4,2769400
10-Jun-21,22.83,23.4,21.43,23.02,23.02,6526500
09-Jun-21,24.25,24.46,22.23,22.71,22.71,9407300
08-Jun-21,21.02,24.2,20.65,23.89,23.89,11306900
07-Jun-21,20.7,21.47,20.31,21.21,21.21,4755400
04-Jun-21,22.87,22.87,20,20.82,20.82,13434200
03-Jun-21,22.84,23.5,22.35,22.68,22.68,5879000
02-Jun-21,23.66,24.95,22.65,23.21,23.21,14678900
01-Jun-21,21.97,22.9,20.43,22.65,22.65,9159400
,,,,,,
,,,,,,
,,,,,,
,,,,,,
,,,,,,
,,,,,,
,,,,,,
,,,,,,
,,,,,,
,,,,,,
,,,,,,
,,,,,,
,,,,,,
,,,,,,
,,,,,,
,,,,,,
,,,,,,
,,,,,,
,,,,,,
,,,,,,
,,,,,,
,,,,,,
,,,,,,
,,,,,,
,,,,,,
,,,,,,
,,,,,,
,,,,,,
,,,,,,
,,,,,,
,,,,,,
,,,,,,
,,,,,,
,,,,,,
,,,,,,
,,,,,,
,,,,,,
,,,,,,
,,,,,,
,,,,,,
,,,,,,
,,,,,,
,,,,,,
,,,,,,
,,,,,,
,,,,,,
,,,,,,
,,,,,,
,,,,,,
,,,,,,
,,,,,,
,,,,,,
,,,,,,
,,,,,,
,,,,,,
,,,,,,
,,,,,,
,,,,,,
,,,,,,
,,,,,,
,,,,,,
,,,,,,
,,,,,,
,,,,,,
,,,,,,
,,,,,,
,,,,,,
,,,,,,
,,,,,,
,,,,,,
,,,,,,
,,,,,,
,,,,,,
,,,,,,
,,,,,,
,,,,,,
,,,,,,
,,,,,,
,,,,,,
,,,,,,
,,,,,,
,,,,,,
,,,,,,
,,,,,,
,,,,,,
,,,,,,
,,,,,,
,,,,,,
,,,,,,
,,,,,,
,,,,,,
,,,,,,
,,,,,,
,,,,,,
,,,,,,
,,,,,,
,,,,,,
,,,,,,
,,,,,,
,,,,,,
,,,,,,
